{
  "models": [
    "xgboost_fraud_detector.joblib",
    "lightgbm_fraud_detector.joblib",
    "catboost_fraud_detector.joblib"
  ],
  "weights": {
    "xgboost": 0.48600331201087416,
    "lightgbm": 0.02771757341084542,
    "catboost": 0.4862791145782803
  },
  "optimal_threshold": 0.9614247760114186,
  "training_date": "2026-07-08T19:31:35.793401",
  "features": [
    "step",
    "type",
    "amount",
    "oldbalanceOrg",
    "newbalanceOrig",
    "oldbalanceDest",
    "newbalanceDest",
    "origin_delta",
    "dest_delta",
    "is_transfer",
    "is_cashout",
    "amount_to_balance",
    "dest_to_origin_ratio",
    "amount_log",
    "oldbalanceOrg_log",
    "newbalanceOrig_log",
    "balance_error_orig",
    "balance_error_dest",
    "amount_ratio_orig",
    "amount_ratio_dest",
    "orig_zeroed_out",
    "dest_unchanged",
    "full_drain",
    "transfer_x_drain",
    "cashout_x_drain",
    "high_amount_flag"
  ],
  "metrics": {
    "xgboost": {
      "accuracy": 0.9999916177088474,
      "precision": 1.0,
      "recall": 0.9935064935064936,
      "f1": 0.996742671009772,
      "roc_auc": 0.9998936459161306,
      "pr_auc": 0.9980531460192498,
      "threshold": 0.9999375343322754
    },
    "lightgbm": {
      "accuracy": 0.9795503529468469,
      "precision": 0.058311995748586885,
      "recall": 0.9797077922077922,
      "f1": 0.11007250011399389,
      "roc_auc": 0.9796096187815098,
      "pr_auc": 0.05715491127393009,
      "threshold": 1.0
    },
    "catboost": {
      "accuracy": 0.9999926654952415,
      "precision": 1.0,
      "recall": 0.9943181818181818,
      "f1": 0.9971509971509972,
      "roc_auc": 0.9997851565073353,
      "pr_auc": 0.998101153267311,
      "threshold": 0.9484269778886019
    },
    "ensemble": {
      "accuracy": 0.9999895221360593,
      "precision": 1.0,
      "recall": 0.9918831168831169,
      "f1": 0.9959250203748982,
      "roc_auc": 0.9997609790087791,
      "pr_auc": 0.9980893946360232,
      "threshold": 0.9614247760114186
    }
  },
  "model_hashes": {
    "xgboost": "5eea52ee8b3281d7f555d84ea96d6030e7ac6f19722550625b85a01a8769dbc9",
    "lightgbm": "f9c0d400ca9349dec02a3abb0bb6a5905a35b8a7e5f9274be27be4aa1f1d0a20",
    "catboost": "623991ef40b000e41440a17405417098a7b4c6e64ef043c6d8dc1dd88ce651ee"
  },
  "scale_pos_weight": 773.7145590537485,
  "dataset_info": {
    "total_rows": 6362620,
    "fraud_count": 8213,
    "fraud_rate": 0.001290820448180152,
    "train_size": 4453834,
    "val_size": 954393,
    "test_size": 954393
  }
}